"regex","str_nome_cia_ticker","str_razao_social","str_razao_social_semacento","str_cia_CVM","CNPJ_CIA","str_cia_CVM_semacento","str_setor","str_subsetor","str_nome_cia_setor","str_codigo","str_mercado","str_segmento"
"AALR","ALLIAR","CENTRO DE IMAGEM DIAGNOSTICOS S.A.","CENTRO DE IMAGEM DIAGNOSTICOS S.A.","CENTRO DE IMAGEM DIAGNOSTICOS S.A.","42.771.949/0001-35","CENTRO DE IMAGEM DIAGNOSTICOS S.A.","Saúde","Serviços Médico - Hospitalares, Análises e Diagnósticos","ALLIAR","AALR","NM             ","Serviços Médico - Hospitalares, Análises e Diagnósticos"
"ABCB","ABC Brasil","BANCO ABC BRASIL S/A","BANCO ABC BRASIL S/A","BCO ABC BRASIL S.A.","28.195.667/0001-06","BCO ABC BRASIL S.A.","Financeiro","Intermediários Financeiros","ABC BRASIL","ABCB","N2             ","Bancos"
"ABEV","AMBEV S/A","AMBEV S.A.","AMBEV S.A.","AMBEV S.A.","07.526.557/0001-00","AMBEV S.A.","Consumo não Cíclico","Bebidas","AMBEV S/A","ABEV",NA,"Cervejas e Refrigerantes"
"AESB","AES BRASIL","AES BRASIL ENERGIA S.A.","AES BRASIL ENERGIA S.A.","AES BRASIL ENERGIA S.A.","37.663.076/0001-07","AES BRASIL ENERGIA S.A.","Utilidade Pública","Energia Elétrica","AES BRASIL","AESB","NM             ","Energia Elétrica"
"AGRO","BRASILAGRO","BRASILAGRO CIA BRAS DE PROP AGRICOLAS","BRASILAGRO CIA BRAS DE PROP AGRICOLAS","BRASILAGRO - CIA BRAS DE PROP AGRICOLAS","07.628.528/0001-59","BRASILAGRO - CIA BRAS DE PROP AGRICOLAS","Consumo não Cíclico","Agropecuária","BRASILAGRO","AGRO","NM             ","Agricultura"
"ALLD","ALLIED","ALLIED TECNOLOGIA S.A.","ALLIED TECNOLOGIA S.A.","ALLIED TECNOLOGIA S.A.","20.247.322/0001-47","ALLIED TECNOLOGIA S.A.","Consumo Cíclico","Comércio","ALLIED","ALLD","NM             ","Eletrodomésticos"
"ALSO","ALIANSCSONAE","ALIANSCE SONAE SHOPPING CENTERS S.A.","ALIANSCE SONAE SHOPPING CENTERS S.A.","ALIANSCE SONAE SHOPPING CENTERS S.A.","05.878.397/0001-32","ALIANSCE SONAE SHOPPING CENTERS S.A.","Financeiro","Exploração de Imóveis","ALIANSCSONAE","ALSO","NM             ","Exploração de Imóveis"
"AMAR","LOJAS MARISA","MARISA LOJAS S.A.","MARISA LOJAS S.A.","MARISA LOJAS S.A.","61.189.288/0001-89","MARISA LOJAS S.A.","Consumo Cíclico","Comércio","LOJAS MARISA","AMAR","NM             ","Tecidos, Vestuário e Calçados"
"AMER","AMERICANAS","AMERICANAS S.A","AMERICANAS S.A","AMERICANAS S.A.","00.776.574/0001-56","AMERICANAS S.A.","Consumo Cíclico","Comércio","AMERICANAS","AMER","NM             ","Produtos Diversos"
"APER","ALPER S.A.","ALPER CONSULTORIA E CORRETORA DE SEGUROS S.A.","ALPER CONSULTORIA E CORRETORA DE SEGUROS S.A.","ALPER CONSULTORIA E CORRETORA DE SEGUROS S.A.","11.721.921/0001-60","ALPER CONSULTORIA E CORRETORA DE SEGUROS S.A.","Financeiro","Previdência e Seguros","ALPER S.A.","APER","NM             ","Corretoras de Seguros e Resseguros"
"APTI","ALIPERTI","SIDERURGICA J L ALIPERTI SA","SIDERURGICA J L ALIPERTI SA","SIDERURGICA J. L. ALIPERTI S.A.","61.156.931/0001-78","SIDERURGICA J. L. ALIPERTI S.A.","Consumo não Cíclico","Agropecuária","ALIPERTI","APTI",NA,"Agricultura"
"ARZZ","AREZZO CO","AREZZO INDUSTRIA E COMERCIO S.A.","AREZZO INDUSTRIA E COMERCIO S.A.","AREZZO INDÚSTRIA E COMÉRCIO S.A.","16.590.234/0001-76","AREZZO INDUSTRIA E COMERCIO S.A.","Consumo Cíclico","Comércio","AREZZO CO","ARZZ","NM             ","Tecidos, Vestuário e Calçados"
"ASAI","ASSAI","SENDAS DISTRIBUIDORA S.A.","SENDAS DISTRIBUIDORA S.A.","SENDAS DISTRIBUIDORA S.A.","06.057.223/0001-71","SENDAS DISTRIBUIDORA S.A.","Consumo não Cíclico","Comércio e Distribuição","ASSAI","ASAI","NM             ","Alimentos"
"AVLL","ALPHAVILLE","ALPHAVILLE S.A.","ALPHAVILLE S.A.","ALPHAVILLE S.A.","16.811.931/0001-00","ALPHAVILLE S.A.","Consumo Cíclico","Construção Civil","ALPHAVILLE","AVLL","NM             ","Incorporações"
"AZUL","AZUL","AZUL S.A.","AZUL S.A.","AZUL S.A.","09.305.994/0001-29","AZUL S.A.","Bens Industriais","Transporte","AZUL","AZUL","N2             ","Transporte Aéreo"
"BALM","BAUMER","BAUMER SA","BAUMER SA","BAUMER S.A.","61.374.161/0001-30","BAUMER S.A.","Saúde","Equipamentos","BAUMER","BALM",NA,"Equipamentos"
"BBRK","BR Brokers","BRASIL BROKERS PARTICIPACOES SA","BRASIL BROKERS PARTICIPACOES SA","BRASIL BROKERS PARTICIPACOES S.A.","08.613.550/0001-98","BRASIL BROKERS PARTICIPACOES S.A.","Financeiro","Exploração de Imóveis","BR BROKERS","BBRK","NM             ","Intermediação Imobiliária"
"BEEF","Minerva","MINERVA S/A","MINERVA S/A","MINERVA S.A.","67.620.377/0001-14","MINERVA S.A.","Consumo não Cíclico","Alimentos Processados","MINERVA","BEEF","NM             ","Carnes e Derivados"
"BIOM","BIOMM SA","BIOMM SA","BIOMM SA","BIOMM S.A.","04.752.991/0001-10","BIOMM S.A.","Saúde","Medicamentos e Outros Produtos","BIOMM","BIOM","MA","Medicamentos e Outros Produtos"
"BMGB","BANCO BMG","BANCO BMG S.A.","BANCO BMG S.A.","BANCO BMG S/A","61.186.680/0001-74","BANCO BMG S/A","Financeiro","Intermediários Financeiros","BANCO BMG","BMGB","N1             ","Bancos"
"BMKS","MONARK","BICICLETAS MONARK SA","BICICLETAS MONARK SA","BICICLETAS MONARK S.A.","56.992.423/0001-90","BICICLETAS MONARK S.A.","Consumo Cíclico","Viagens e Lazer","BIC MONARK","BMKS",NA,"Bicicletas"
"BMOB","BEMOBI TECH","BEMOBI MOBILE TECH S.A.","BEMOBI MOBILE TECH S.A.","BEMOBI MOBILE TECH S.A.","09.042.817/0001-05","BEMOBI MOBILE TECH S.A.","Tecnologia da Informação","Programas e Serviços","BEMOBI TECH","BMOB","NM             ","Programas e Serviços"
"BOAS","BOA VISTA","BOA VISTA SERVICOS S.A.","BOA VISTA SERVICOS S.A.","BOA VISTA SERVIÇOS S.A.","11.725.176/0001-27","BOA VISTA SERVICOS S.A.","Financeiro","Serviços Financeiros Diversos","BOA VISTA","BOAS","NM             ","Serviços Financeiros Diversos"
"BOBR","BOMBRIL SA","BOMBRIL SA","BOMBRIL SA","BOMBRIL S.A.","50.564.053/0001-03","BOMBRIL S.A.","Consumo não Cíclico","Produtos de Uso Pessoal e de Limpeza","BOMBRIL","BOBR",NA,"Produtos de Limpeza"
"BRAP","BRADESPAR S/A","BRADESPAR S/A","BRADESPAR S/A","BRADESPAR S.A.","03.847.461/0001-92","BRADESPAR S.A.","Materiais Básicos","Mineração","BRADESPAR","BRAP","N1             ","Minerais Metálicos"
"BRGE","CONSORCIO ALFA","CONSORCIO ALFA DE ADMINISTRACAO SA","CONSORCIO ALFA DE ADMINISTRACAO SA","CONSORCIO ALFA DE ADMINISTRACAO S.A.","17.193.806/0001-46","CONSORCIO ALFA DE ADMINISTRACAO S.A.","Financeiro","Previdência e Seguros","ALFA CONSORC","BRGE",NA,"Seguradoras"
"BRKM","BRASKEM","BRASKEM S.A.","BRASKEM S.A.","BRASKEM S.A.","42.150.391/0001-70","BRASKEM S.A.","Materiais Básicos","Químicos","BRASKEM","BRKM","N1             ","Petroquímicos"
"BRML","BR MALLS PARTICIPAÇÔES S/A","BR MALLS PARTICIPACOES S.A.","BR MALLS PARTICIPACOES S.A.","BR MALLS PARTICIPACOES S.A.","06.977.745/0001-91","BR MALLS PARTICIPACOES S.A.","Financeiro","Exploração de Imóveis","BR MALLS PAR","BRML","NM             ","Exploração de Imóveis"
"BRPR","BR PROPERTIES","BR PROPERTIES S.A.","BR PROPERTIES S.A.","BR PROPERTIES S.A.","06.977.751/0001-49","BR PROPERTIES S.A.","Financeiro","Exploração de Imóveis","BR PROPERT","BRPR","NM             ","Exploração de Imóveis"
"CAMB","PENALTY","CAMBUCI SA","CAMBUCI SA","CAMBUCI S.A.","61.088.894/0001-08","CAMBUCI S.A.","Consumo Cíclico","Tecidos, Vestuário e Calçados","CAMBUCI","CAMB",NA,"Calçados"
"CAML","CAMIL","CAMIL ALIMENTOS S.A.","CAMIL ALIMENTOS S.A.","CAMIL ALIMENTOS S.A.","64.904.295/0001-03","CAMIL ALIMENTOS S.A.","Consumo não Cíclico","Alimentos Processados","CAMIL","CAML","NM             ","Alimentos Diversos"
"CASH","MELIUZ","MELIUZ S.A.","MELIUZ S.A.","MÉLIUZ S.A.","14.110.585/0001-07","MELIUZ S.A.","Tecnologia da Informação","Programas e Serviços","MELIUZ","CASH","NM             ","Programas e Serviços"
"CGRA","GRAZZIOTIN","GRAZZIOTIN SA","GRAZZIOTIN SA","GRAZZIOTIN S.A.","92.012.467/0001-70","GRAZZIOTIN S.A.","Consumo Cíclico","Comércio","GRAZZIOTIN","CGRA",NA,"Tecidos, Vestuário e Calçados"
"CIEL","CIELO","CIELO S.A.","CIELO S.A.","CIELO S.A.","01.027.058/0001-91","CIELO S.A.","Financeiro","Serviços Financeiros Diversos","CIELO","CIEL","NM             ","Serviços Financeiros Diversos"
"CLSA","CLEARSALE","CLEAR SALE S.A.","CLEAR SALE S.A.","CLEAR SALE S.A.","03.802.115/0001-98","CLEAR SALE S.A.","Financeiro","Serviços Financeiros Diversos","CLEARSALE","CLSA","NM             ","Gestão de Recursos e Investimentos"
"CNTO","GRUPO SBF","GRUPO SBF SA","GRUPO SBF SA","GRUPO SBF S.A.","13.217.485/0001-11","GRUPO SBF S.A.","Consumo Cíclico","Comércio","CENTAURO","CNTO","NM             ","Produtos Diversos"
"CPFE","CPFL ENERGIA S.A.","CPFL ENERGIA SA","CPFL ENERGIA SA","CPFL ENERGIA S.A.","02.429.144/0001-93","CPFL ENERGIA S.A.","Utilidade Pública","Energia Elétrica","CPFL ENERGIA","CPFE","NM             ","Energia Elétrica"
"CPFG","CPFL GERAÇÂO DE ENERGIA S/A","CPFL GERACAO DE ENERGIA S/A","CPFL GERACAO DE ENERGIA S/A","CPFL GERACAO DE ENERGIA S.A.","03.953.509/0001-47","CPFL GERACAO DE ENERGIA S.A.","Utilidade Pública","Energia Elétrica","CPFL GERACAO","CPFG",NA,"Energia Elétrica"
"CPRE","CPFL RENOVAV","CPFL ENERGIAS RENOVAVEIS S.A.","CPFL ENERGIAS RENOVAVEIS S.A.","CPFL ENERGIAS RENOVÁVEIS S.A.","08.439.659/0001-50","CPFL ENERGIAS RENOVAVEIS S.A.","Utilidade Pública","Energia Elétrica","CPFL RENOVAV","CPRE",NA,"Energia Elétrica"
"CRDE","CR2","CR2 EMPREENDIMENTOS IMOBILIARIOS S/A","CR2 EMPREENDIMENTOS IMOBILIARIOS S/A","CR2 EMPREENDIMENTOS IMOBILIARIOS S.A.","07.820.907/0001-46","CR2 EMPREENDIMENTOS IMOBILIARIOS S.A.","Consumo Cíclico","Construção Civil","CR2","CRDE","NM             ","Incorporações"
"CRPG","CRISTAL","TRONOX PIGMENTOS DO BRASIL S.A.","TRONOX PIGMENTOS DO BRASIL S.A.","TRONOX PIGMENTOS DO BRASIL S.A.","15.115.504/0001-24","TRONOX PIGMENTOS DO BRASIL S.A.","Materiais Básicos","Químicos","CRISTAL","CRPG",NA,"Químicos Diversos"
"CSED","CRUZEIRO EDU","CRUZEIRO DO SUL EDUCACIONAL S.A.","CRUZEIRO DO SUL EDUCACIONAL S.A.","CRUZEIRO DO SUL EDUCACIONAL S.A.","62.984.091/0001-02","CRUZEIRO DO SUL EDUCACIONAL S.A.","Consumo Cíclico","Diversos","CRUZEIRO EDU","CSED","NM             ","Serviços Educacionais"
"CSNA","CSN","CIA SIDERURGICA NACIONAL","CIA SIDERURGICA NACIONAL","CIA SIDERURGICA NACIONAL","33.042.730/0001-04","CIA SIDERURGICA NACIONAL","Materiais Básicos","Siderurgia e Metalurgia","SID NACIONAL","CSNA",NA,"Siderurgia"
"CTKA","KARSTEN","KARSTEN SA","KARSTEN SA","KARSTEN S.A.","82.640.558/0001-04","KARSTEN S.A.","Consumo Cíclico","Tecidos, Vestuário e Calçados","KARSTEN","CTKA",NA,"Fios e Tecidos"
"CTNM","COTEMINAS","CIA TECIDOS NORTE DE MINAS COTEMINAS","CIA TECIDOS NORTE DE MINAS COTEMINAS","CIA TECIDOS NORTE DE MINAS COTEMINAS","22.677.520/0001-76","CIA TECIDOS NORTE DE MINAS COTEMINAS","Consumo Cíclico","Tecidos, Vestuário e Calçados","COTEMINAS","CTNM",NA,"Fios e Tecidos"
"CTSA","SANTANENSE","CIA TECIDOS SANTANENSE","CIA TECIDOS SANTANENSE","CIA TECIDOS SANTANENSE","21.255.567/0001-89","CIA TECIDOS SANTANENSE","Consumo Cíclico","Tecidos, Vestuário e Calçados","SANTANENSE","CTSA",NA,"Fios e Tecidos"
"CURY","CURY S/A","CURY CONSTRUTORA E INCORPORADORA S.A.","CURY CONSTRUTORA E INCORPORADORA S.A.","CURY CONSTRUTORA E INCORPORADORA S.A.","08.797.760/0001-83","CURY CONSTRUTORA E INCORPORADORA S.A.","Consumo Cíclico","Construção Civil","CURY S/A","CURY","NM             ","Incorporações"
"DASA","DIAGNOSTICOS DA AMERICA SA","DIAGNOSTICOS DA AMERICA SA","DIAGNOSTICOS DA AMERICA SA","DIAGNOSTICOS DA AMERICA S.A.","61.486.650/0001-83","DIAGNOSTICOS DA AMERICA S.A.","Saúde","Serviços Médico - Hospitalares, Análises e Diagnósticos","DASA","DASA","NM             ","Serviços Médico - Hospitalares, Análises e Diagnósticos"
"DESK","DESKTOPSIGMA","DESKTOP SIGMANET COMUNICACAO MULTIMIDIA S.A.","DESKTOP SIGMANET COMUNICACAO MULTIMIDIA S.A.","DESKTOP - SIGMANET COMUNICACAO MULTIMIDIA SA","08.170.849/0001-15","DESKTOP - SIGMANET COMUNICACAO MULTIMIDIA SA","Comunicações","Telecomunicações","DESKTOP","DESK","NM             ","Telecomunicações"
"DIRR","Direcional Engenharia","DIRECIONAL ENGENHARIA S.A.","DIRECIONAL ENGENHARIA S.A.","DIRECIONAL ENGENHARIA S.A.","16.614.075/0001-00","DIRECIONAL ENGENHARIA S.A.","Consumo Cíclico","Construção Civil","DIRECIONAL","DIRR","NM             ","Incorporações"
"DMMO","DOMMO","DOMMO ENERGIA S.A.","DOMMO ENERGIA S.A.","DOMMO ENERGIA S.A.","08.926.302/0001-05","DOMMO ENERGIA S.A.","Petróleo, Gás e Biocombustíveis","Petróleo, Gás e Biocombustíveis","DOMMO","DMMO",NA,"Exploração, Refino e Distribuição"
"DOHL","DOHLER","DOHLER S.A.","DOHLER S.A.","DOHLER S.A.","84.683.408/0001-03","DOHLER S.A.","Consumo Cíclico","Tecidos, Vestuário e Calçados","DOHLER","DOHL",NA,"Fios e Tecidos"
"DOTZ","DOTZ SA","DOTZ S.A.","DOTZ S.A.","DOTZ S.A.","18.174.270/0001-84","DOTZ S.A.","Consumo Cíclico","Diversos","DOTZ SA","DOTZ","NM             ","Programas de Fidelização"
"DXCO","DEXCO","DEXCO S.A.","DEXCO S.A.","DEXCO S.A.","97.837.181/0001-47","DEXCO S.A.","Materiais Básicos","Madeira e Papel","DEXCO","DXCO","NM             ","Madeira"
"EALT","ELECTRO AÇO ALTONA S/A","ELECTRO ACO ALTONA S/A","ELECTRO ACO ALTONA S/A","ELECTRO ACO ALTONA S.A.","82.643.537/0001-34","ELECTRO ACO ALTONA S.A.","Bens Industriais","Máquinas e Equipamentos","ACO ALTONA","EALT",NA,"Máq. e Equip. Industriais"
"ECOR","ECORODOVIAS","ECORODOVIAS INFRAESTRUTURA E LOGISTICA S.A.","ECORODOVIAS INFRAESTRUTURA E LOGISTICA S.A.","ECORODOVIAS INFRAESTRUTURA E LOGÍSTICA S.A.","04.149.454/0001-80","ECORODOVIAS INFRAESTRUTURA E LOGISTICA S.A.","Bens Industriais","Transporte","ECORODOVIAS","ECOR","NM             ","Exploração de Rodovias"
"EGIE","ENGIE BRASIL","ENGIE BRASIL ENERGIA S.A.","ENGIE BRASIL ENERGIA S.A.","ENGIE BRASIL ENERGIA S.A.","02.474.103/0001-19","ENGIE BRASIL ENERGIA S.A.","Utilidade Pública","Energia Elétrica","ENGIE BRASIL","EGIE","NM             ","Energia Elétrica"
"ELMD","ELETROMIDIA","ELETROMIDIA S.A.","ELETROMIDIA S.A.","ELETROMIDIA S.A.","09.347.516/0001-81","ELETROMIDIA S.A.","Comunicações","Mídia","ELETROMIDIA","ELMD","NM             ","Publicidade e Propaganda"
"ENBR","EDP ENERGIAS DO BRASIL S/A","EDP ENERGIAS DO BRASIL S/A","EDP ENERGIAS DO BRASIL S/A","EDP - ENERGIAS DO BRASIL S.A.","03.983.431/0001-03","EDP - ENERGIAS DO BRASIL S.A.","Utilidade Pública","Energia Elétrica","ENERGIAS BR","ENBR","NM             ","Energia Elétrica"
"ENEV","ENEVA","ENEVA S.A","ENEVA S.A","ENEVA S.A","04.423.567/0001-21","ENEVA S.A","Utilidade Pública","Energia Elétrica","ENEVA","ENEV","NM             ","Energia Elétrica"
"ENGI","ENERGISA","ENERGISA SA","ENERGISA SA","ENERGISA S.A.","00.864.214/0001-06","ENERGISA S.A.","Utilidade Pública","Energia Elétrica","ENERGISA","ENGI","N2             ","Energia Elétrica"
"EQTL","EQUATORIAL ENERGIA S.A.","EQUATORIAL ENERGIA S.A.","EQUATORIAL ENERGIA S.A.","EQUATORIAL ENERGIA S.A.","03.220.438/0001-73","EQUATORIAL ENERGIA S.A.","Utilidade Pública","Energia Elétrica","EQUATORIAL","EQTL","NM             ","Energia Elétrica"
"ESPA","ESPACOLASER","MPM CORPOREOS S.A.","MPM CORPOREOS S.A.","MPM CORPÓREOS S.A.","26.659.061/0001-59","MPM CORPOREOS S.A.","Consumo Cíclico","Comércio","ESPACOLASER","ESPA","NM             ","Produtos Diversos"
"ESTR","ESTRELA","MANUFATURA DE BRINQUEDOS ESTRELA SA","MANUFATURA DE BRINQUEDOS ESTRELA SA","MANUFATURA DE BRINQUEDOS ESTRELA S.A.","61.082.004/0001-50","MANUFATURA DE BRINQUEDOS ESTRELA S.A.","Consumo Cíclico","Viagens e Lazer","ESTRELA","ESTR",NA,"Brinquedos e Jogos"
"EVEN","Even","EVEN CONSTRUTORA E INCORPORADORA S/A","EVEN CONSTRUTORA E INCORPORADORA S/A","EVEN CONSTRUTORA E INCORPORADORA S.A.","43.470.988/0001-65","EVEN CONSTRUTORA E INCORPORADORA S.A.","Consumo Cíclico","Construção Civil","EVEN","EVEN","NM             ","Incorporações"
"EZTC","EZTec","EZ TEC EMPREEND. E PARTICIPACOES S/A","EZ TEC EMPREEND. E PARTICIPACOES S/A","EZ TEC EMPREEND. E PARTICIPACOES S.A.","08.312.229/0001-73","EZ TEC EMPREEND. E PARTICIPACOES S.A.","Consumo Cíclico","Construção Civil","EZTEC","EZTC","NM             ","Incorporações"
"FLRY","FLEURY","FLEURY S.A.","FLEURY S.A.","FLEURY S.A.","60.840.055/0001-31","FLEURY S.A.","Saúde","Serviços Médico - Hospitalares, Análises e Diagnósticos","FLEURY","FLRY","NM             ","Serviços Médico - Hospitalares, Análises e Diagnósticos"
"FRAS","FRAS-LE S.A.","FRAS-LE SA","FRAS-LE SA","FRAS-LE S.A.","88.610.126/0001-29","FRAS-LE S.A.","Bens Industriais","Material de Transporte","FRAS-LE","FRAS","N1             ","Material Rodoviário"
"FRIO","Metalfrio","METALFRIO SOLUTIONS S/A","METALFRIO SOLUTIONS S/A","METALFRIO SOLUTIONS S.A.","04.821.041/0001-08","METALFRIO SOLUTIONS S.A.","Bens Industriais","Máquinas e Equipamentos","METALFRIO","FRIO","NM             ","Máq. e Equip. Industriais"
"FRTA","POMIFRUTAS","POMIFRUTAS S/A","POMIFRUTAS S/A","POMIFRUTAS S/A","86.550.951/0001-50","POMIFRUTAS S/A","Consumo não Cíclico","Agropecuária","POMIFRUTAS","FRTA","NM             ","Agricultura"
"GFSA","GAFISA","GAFISA SA","GAFISA SA","GAFISA S.A.","01.545.826/0001-07","GAFISA S.A.","Consumo Cíclico","Construção Civil","GAFISA","GFSA","NM             ","Incorporações"
"GGBR","GERDAU S.A.","GERDAU SA","GERDAU SA","GERDAU S.A.","33.611.500/0001-19","GERDAU S.A.","Materiais Básicos","Siderurgia e Metalurgia","GERDAU","GGBR","N1             ","Siderurgia"
"GMAT","GRUPO MATEUS","GRUPO MATEUS S.A.","GRUPO MATEUS S.A.","GRUPO MATEUS S.A.","24.990.777/0001-09","GRUPO MATEUS S.A.","Consumo não Cíclico","Comércio e Distribuição","GRUPO MATEUS","GMAT","NM             ","Alimentos"
"GOAU","METALÚRGICA GERDAU","METALURGICA GERDAU SA","METALURGICA GERDAU SA","METALURGICA GERDAU S.A.","92.690.783/0001-09","METALURGICA GERDAU S.A.","Materiais Básicos","Siderurgia e Metalurgia","GERDAU MET","GOAU","N1             ","Siderurgia"
"GOLL","GOL LINHAS AEREAS INTELIGENTES SA","GOL LINHAS AEREAS INTELIGENTES SA","GOL LINHAS AEREAS INTELIGENTES SA","GOL LINHAS AEREAS INTELIGENTES S.A.","06.164.253/0001-87","GOL LINHAS AEREAS INTELIGENTES S.A.","Bens Industriais","Transporte","GOL","GOLL","N2             ","Transporte Aéreo"
"GPAR","CELGPAR","CIA CELG DE PARTICIPACOES CELGPAR","CIA CELG DE PARTICIPACOES CELGPAR","CIA CELG DE PARTICIPACOES - CELGPAR","08.560.444/0001-93","CIA CELG DE PARTICIPACOES - CELGPAR","Utilidade Pública","Energia Elétrica","CELGPAR","GPAR",NA,"Energia Elétrica"
"GPIV","GP INVESTMENTS, LTD","GP INVESTMENTS, LTD","GP INVESTMENTS, LTD","GP INVESTMENTS, LTD.","07.857.850/0001-50","GP INVESTMENTS, LTD.","Financeiro","Serviços Financeiros Diversos","GP INVEST","GPIV","DR3","Gestão de Recursos e Investimentos"
"GRND","GRENDENE SA","GRENDENE SA","GRENDENE SA","GRENDENE S.A.","89.850.341/0001-60","GRENDENE S.A.","Consumo Cíclico","Tecidos, Vestuário e Calçados","GRENDENE","GRND","NM             ","Calçados"
"GUAR","GUARARAPES CONFECÇÕES","GUARARAPES CONFECCOES SA","GUARARAPES CONFECCOES SA","GUARARAPES CONFECCOES S.A.","08.402.943/0001-52","GUARARAPES CONFECCOES S.A.","Consumo Cíclico","Comércio","GUARARAPES","GUAR",NA,"Tecidos, Vestuário e Calçados"
"HBOR","Helbor","HELBOR EMPREENDIMENTOS S/A","HELBOR EMPREENDIMENTOS S/A","HELBOR EMPREENDIMENTOS S.A.","49.263.189/0001-02","HELBOR EMPREENDIMENTOS S.A.","Consumo Cíclico","Construção Civil","HELBOR","HBOR","NM             ","Incorporações"
"HBRE","HBR REALTY","HBR REALTY EMPREENDIMENTOS IMOBILIARIOS S/A","HBR REALTY EMPREENDIMENTOS IMOBILIARIOS S/A","HBR REALTY EMPREENDIMENTOS IMOBILIÁRIOS S.A.","14.785.152/0001-51","HBR REALTY EMPREENDIMENTOS IMOBILIARIOS S.A.","Financeiro","Exploração de Imóveis","HBR REALTY","HBRE","NM             ","Exploração de Imóveis"
"HBSA","HIDROVIAS","HIDROVIAS DO BRASIL S.A.","HIDROVIAS DO BRASIL S.A.","HIDROVIAS DO BRASIL S.A.","12.648.327/0001-53","HIDROVIAS DO BRASIL S.A.","Bens Industriais","Transporte","HIDROVIAS","HBSA","NM             ","Transporte Hidroviário"
"HYPE","HYPERA","HYPERA S.A.","HYPERA S.A.","HYPERA S.A.","02.932.074/0001-91","HYPERA S.A.","Saúde","Comércio e Distribuição","HYPERA","HYPE","NM             ","Medicamentos e Outros Produtos"
"IFCM","INFRACOMM","INFRACOMMERCE CXAAS S.A.","INFRACOMMERCE CXAAS S.A.","INFRACOMMERCE CXAAS S.A.","38.456.921/0001-36","INFRACOMMERCE CXAAS S.A.","Tecnologia da Informação","Programas e Serviços","INFRACOMM","IFCM","NM             ","Programas e Serviços"
"IGTA","IGUATEMI","IGUATEMI EMPRESA DE SHOPPING CENTERS S.A","IGUATEMI EMPRESA DE SHOPPING CENTERS S.A","IGUATEMI EMPRESA DE SHOPPING CENTERS S.A","51.218.147/0001-93","IGUATEMI EMPRESA DE SHOPPING CENTERS S.A","Financeiro","Exploração de Imóveis","IGUATEMI","IGTA","NM             ","Exploração de Imóveis"
"IRBR","IRBBRASIL RE","IRB BRASIL RESSEGUROS S.A.","IRB BRASIL RESSEGUROS S.A.","IRB - BRASIL RESSEGUROS S.A.","33.376.989/0001-91","IRB - BRASIL RESSEGUROS S.A.","Financeiro","Previdência e Seguros","IRBBRASIL RE","IRBR","NM             ","Resseguradoras"
"ITUB","ITAUUNIBANCO","ITAU UNIBANCO HOLDING S.A.","ITAU UNIBANCO HOLDING S.A.","ITAU UNIBANCO HOLDING S.A.","60.872.504/0001-23","ITAU UNIBANCO HOLDING S.A.","Financeiro","Intermediários Financeiros","ITAUUNIBANCO","ITUB","N1             ","Bancos"
"JALL","JALLESMACHAD","JALLES MACHADO S.A.","JALLES MACHADO S.A.","JALLES MACHADO S.A.","02.635.522/0001-95","JALLES MACHADO S.A.","Consumo não Cíclico","Alimentos Processados","JALLESMACHAD","JALL","NM             ","Açucar e Alcool"
"JBSS","JBS","JBS S.A.","JBS S.A.","JBS S.A.","02.916.265/0001-60","JBS S.A.","Consumo não Cíclico","Alimentos Processados","JBS","JBSS","NM             ","Carnes e Derivados"
"JHSF","JHSF Part","JHSF PARTICIPACOES SA","JHSF PARTICIPACOES SA","JHSF PARTICIPACOES S.A.","08.294.224/0001-65","JHSF PARTICIPACOES S.A.","Consumo Cíclico","Construção Civil","JHSF PART","JHSF","NM             ","Incorporações"
"JOPA","JOSAPAR S/A","JOSAPARJOAQUIM OLIVEIRA S/A PARTICIP","JOSAPARJOAQUIM OLIVEIRA S/A PARTICIP","JOSAPAR-JOAQUIM OLIVEIRA S.A. - PARTICIP","87.456.562/0001-22","JOSAPAR-JOAQUIM OLIVEIRA S.A. - PARTICIP","Consumo não Cíclico","Alimentos Processados","JOSAPAR","JOPA",NA,"Alimentos Diversos"
"KEPL","KEPLER WEBER SA","KEPLER WEBER SA","KEPLER WEBER SA","KEPLER WEBER S.A.","91.983.056/0001-69","KEPLER WEBER S.A.","Bens Industriais","Máquinas e Equipamentos","KEPLER WEBER","KEPL",NA,"Máq. e Equip. Industriais"
"KLBN","KLABIN","KLABIN S.A.","KLABIN S.A.","KLABIN S.A.","89.637.490/0001-45","KLABIN S.A.","Materiais Básicos","Madeira e Papel","KLABIN S/A","KLBN","N2","Papel e Celulose"
"LAME","LOJAS AMERICANAS S.A.","LOJAS AMERICANAS SA","LOJAS AMERICANAS SA","LOJAS AMERICANAS S.A.","33.014.556/0001-96","LOJAS AMERICANAS S.A.","Consumo Cíclico","Comércio","LOJAS AMERIC","LAME","N1             ","Produtos Diversos"
"LAVV","LAVVI","LAVVI EMPREENDIMENTOS IMOBILIARIOS S.A.","LAVVI EMPREENDIMENTOS IMOBILIARIOS S.A.","LAVVI EMPREENDIMENTOS IMOBILIÁRIOS S.A.","26.462.693/0001-28","LAVVI EMPREENDIMENTOS IMOBILIARIOS S.A.","Consumo Cíclico","Construção Civil","LAVVI","LAVV","NM             ","Incorporações"
"LEVE","MAHLE METAL LEVE","MAHLE METAL LEVE S.A.","MAHLE METAL LEVE S.A.","MAHLE-METAL LEVE S.A.","60.476.884/0001-87","MAHLE-METAL LEVE S.A.","Consumo Cíclico","Automóveis e Motocicletas","METAL LEVE","LEVE","NM             ","Automóveis e Motocicletas"
"LIGT","LIGHT SA","LIGHT SA","LIGHT SA","LIGHT S.A.","03.378.521/0001-75","LIGHT S.A.","Utilidade Pública","Energia Elétrica","LIGHT S/A","LIGT","NM             ","Energia Elétrica"
"LJQQ","QUERO-QUERO","LOJAS QUERO-QUERO S/A","LOJAS QUERO-QUERO S/A","LOJAS QUERO QUERO S.A.","96.418.264/0218-02","LOJAS QUERO QUERO S.A.","Consumo Cíclico","Comércio","QUERO-QUERO","LJQQ","NM             ","Produtos Diversos"
"LOGN","Log-In","LOG-IN LOGISTICA INTERMODAL SA","LOG-IN LOGISTICA INTERMODAL SA","LOG-IN LOGISTICA INTERMODAL S.A.","42.278.291/0001-24","LOG-IN LOGISTICA INTERMODAL S.A.","Bens Industriais","Transporte","LOG-IN","LOGN","NM             ","Transporte Hidroviário"
"LPSB","LOPES BRASIL","LPS BRASIL CONSULTORIA DE IMOVEIS S.A.","LPS BRASIL CONSULTORIA DE IMOVEIS S.A.","LPS BRASIL - CONSULTORIA DE IMOVEIS S.A.","08.078.847/0001-09","LPS BRASIL - CONSULTORIA DE IMOVEIS S.A.","Financeiro","Exploração de Imóveis","LOPES BRASIL","LPSB","NM             ","Intermediação Imobiliária"
"LREN","RENNER","LOJAS RENNER SA","LOJAS RENNER SA","LOJAS RENNER S.A.","92.754.738/0001-62","LOJAS RENNER S.A.","Consumo Cíclico","Comércio","LOJAS RENNER","LREN","NM             ","Tecidos, Vestuário e Calçados"
"LUXM","TREVISA INVESTIMENTOS SA","TREVISA INVESTIMENTOS SA","TREVISA INVESTIMENTOS SA","TREVISA INVESTIMENTOS S.A.","92.660.570/0001-26","TREVISA INVESTIMENTOS S.A.","Bens Industriais","Transporte","TREVISA","LUXM",NA,"Transporte Hidroviário"
"LVTC","WDC NETWORKS","LIVETECH DA BAHIA INDUSTRIA E COMERCIO S/A","LIVETECH DA BAHIA INDUSTRIA E COMERCIO S/A","LIVETECH DA BAHIA INDÚSTRIA E COMÉRCIO S.A.","05.917.486/0001-40","LIVETECH DA BAHIA INDUSTRIA E COMERCIO S.A.","Tecnologia da Informação","Programas e Serviços","WDC NETWORKS","LVTC","NM             ","Programas e Serviços"
"LWSA","LOCAWEB","LOCAWEB SERVICOS DE INTERNET S.A.","LOCAWEB SERVICOS DE INTERNET S.A.","LOCAWEB SERVIÇOS DE INTERNET S.A.","02.351.877/0001-52","LOCAWEB SERVICOS DE INTERNET S.A.","Tecnologia da Informação","Programas e Serviços","LOCAWEB","LWSA","NM             ","Programas e Serviços"
"MDIA","M.DIASBRANCO","M.DIAS BRANCO S.A. IND COM DE ALIMENTOS","M.DIAS BRANCO S.A. IND COM DE ALIMENTOS","M.DIAS BRANCO S.A. IND COM DE ALIMENTOS","07.206.816/0001-15","M.DIAS BRANCO S.A. IND COM DE ALIMENTOS","Consumo não Cíclico","Alimentos Processados","M.DIASBRANCO","MDIA","NM             ","Alimentos Diversos"
"MDNE","MOURA DUBEUX","MOURA DUBEUX ENGENHARIA S/A","MOURA DUBEUX ENGENHARIA S/A","MOURA DUBEUX ENGENHARIA S/A","12.049.631/0001-84","MOURA DUBEUX ENGENHARIA S/A","Consumo Cíclico","Construção Civil","MOURA DUBEUX","MDNE","NM             ","Incorporações"
"MEAL","IMC S/A","INTERNATIONAL MEAL COMPANY ALIMENTACAO S.A.","INTERNATIONAL MEAL COMPANY ALIMENTACAO S.A.","INTERNATIONAL MEAL COMPANY ALIMENTACAO S.A.","17.314.329/0001-20","INTERNATIONAL MEAL COMPANY ALIMENTACAO S.A.","Consumo Cíclico","Hoteis e Restaurantes","IMC S/A","MEAL","NM             ","Restaurante e Similares"
"MGEL","MANGELS","MANGELS INDUSTRIAL SA","MANGELS INDUSTRIAL SA","MANGELS INDUSTRIAL S.A.","61.065.298/0001-02","MANGELS INDUSTRIAL S.A.","Materiais Básicos","Siderurgia e Metalurgia","MANGELS INDL","MGEL",NA,"Artefatos de Ferro e Aço"
"MGLU","MAGAZ LUIZA","MAGAZINE LUIZA S.A.","MAGAZINE LUIZA S.A.","MAGAZINE LUIZA S.A.","47.960.950/0001-21","MAGAZINE LUIZA S.A.","Consumo Cíclico","Comércio","MAGAZ LUIZA","MGLU","NM             ","Eletrodomésticos"
"MILS","MILLS","MILLS ESTRUTURAS E SERVICOS DE ENGENHARIA S.A.","MILLS ESTRUTURAS E SERVICOS DE ENGENHARIA S.A.","MILLS ESTRUTURAS E SERVIÇOS DE ENGENHARIA S.A.","27.093.558/0001-15","MILLS ESTRUTURAS E SERVICOS DE ENGENHARIA S.A.","Bens Industriais","Máquinas e Equipamentos","MILLS","MILS","NM             ","Máq. e Equip. Industriais"
"MLAS","MULTILASER","MULTILASER INDUSTRIAL S.A.","MULTILASER INDUSTRIAL S.A.","MULTILASER INDUSTRIAL S.A.","59.717.553/0001-02","MULTILASER INDUSTRIAL S.A.","Tecnologia da Informação","Computadores e Equipamentos","MULTILASER","MLAS","NM             ","Computadores e Equipamentos"
"MNDL","MUNDIAL S/A","MUNDIAL S/A PRODUTOS DE CONSUMO","MUNDIAL S/A PRODUTOS DE CONSUMO","MUNDIAL S.A. - PRODUTOS DE CONSUMO","88.610.191/0001-54","MUNDIAL S.A. - PRODUTOS DE CONSUMO","Consumo Cíclico","Tecidos, Vestuário e Calçados","MUNDIAL","MNDL",NA,"Acessórios"
"MNPR","MINUPAR","MINUPAR PARTICIPACOES SA","MINUPAR PARTICIPACOES SA","MINUPAR PARTICIPACOES S.A.","90.076.886/0001-40","MINUPAR PARTICIPACOES S.A.","Consumo não Cíclico","Alimentos Processados","MINUPAR","MNPR",NA,"Carnes e Derivados"
"MOAR","MONTEIRO ARANHA","MONTEIRO ARANHA SA","MONTEIRO ARANHA SA","MONTEIRO ARANHA S.A.","33.102.476/0001-92","MONTEIRO ARANHA S.A.","Financeiro","Holdings Diversificadas","MONT ARANHA","MOAR",NA,"Holdings Diversificadas"
"MODL","MODALMAIS","BANCO MODAL S.A","BANCO MODAL S.A","BANCO MODAL S.A.","30.723.886/0001-62","BANCO MODAL S.A.","Financeiro","Intermediários Financeiros","MODALMAIS","MODL","N2             ","Bancos"
"MOVI","MOVIDA","MOVIDA PARTICIPACOES SA","MOVIDA PARTICIPACOES SA","MOVIDA PARTICIPACOES SA","21.314.559/0001-66","MOVIDA PARTICIPACOES SA","Consumo Cíclico","Diversos","MOVIDA","MOVI","NM             ","Aluguel de carros"
"MRVE","MRV","MRV ENGENHARIA E PARTICIPACOES S/A","MRV ENGENHARIA E PARTICIPACOES S/A","MRV ENGENHARIA E PARTICIPACOES S.A.","08.343.492/0001-20","MRV ENGENHARIA E PARTICIPACOES S.A.","Consumo Cíclico","Construção Civil","MRV","MRVE","NM             ","Incorporações"
"MTSA","METISA","METISA METALURGICA TIMBOENSE SA","METISA METALURGICA TIMBOENSE SA","METISA METALURGICA TIMBOENSE S.A.","86.375.425/0001-09","METISA METALURGICA TIMBOENSE S.A.","Bens Industriais","Máquinas e Equipamentos","METISA","MTSA",NA,"Máq. e Equip. Construção e Agrícolas"
"MYPK","IOCHPE-MAXION","IOCHPE-MAXION SA","IOCHPE-MAXION SA","IOCHPE MAXION S.A.","61.156.113/0001-75","IOCHPE MAXION S.A.","Consumo Cíclico","Automóveis e Motocicletas","IOCHP-MAXION","MYPK","NM             ","Automóveis e Motocicletas"
"NEOE","NEOENERGIA","NEOENERGIA S.A.","NEOENERGIA S.A.","NEOENERGIA S.A.","01.083.200/0001-18","NEOENERGIA S.A.","Utilidade Pública","Energia Elétrica","NEOENERGIA","NEOE","NM             ","Energia Elétrica"
"NTCO","GRUPO NATURA","NATURA &CO HOLDING S.A.","NATURA &CO HOLDING S.A.","NATURA &CO HOLDING S.A.","32.785.497/0001-97","NATURA &CO HOLDING S.A.","Consumo não Cíclico","Produtos de Uso Pessoal e de Limpeza","GRUPO NATURA","NTCO","NM             ","Produtos de Uso Pessoal"
"NUTR","NUTRIPLANT","NUTRIPLANT INDUSTRIA E COMERCIO S/A","NUTRIPLANT INDUSTRIA E COMERCIO S/A","NUTRIPLANT INDUSTRIA E COMERCIO S.A.","51.128.999/0001-90","NUTRIPLANT INDUSTRIA E COMERCIO S.A.","Materiais Básicos","Químicos","NUTRIPLANT","NUTR","MA             ","Fertilizantes e Defensivos"
"ODPV","ODONTOPREV","ODONTOPREV S.A.","ODONTOPREV S.A.","ODONTOPREV S.A.","58.119.199/0001-51","ODONTOPREV S.A.","Saúde","Serviços Médico - Hospitalares, Análises e Diagnósticos","ODONTOPREV","ODPV","NM             ","Serviços Médico - Hospitalares, Análises e Diagnósticos"
"OFSA","OUROFINO S/A","OURO FINO SAUDE ANIMAL PARTICIPACOES S.A.","OURO FINO SAUDE ANIMAL PARTICIPACOES S.A.","OURO FINO SAUDE ANIMAL PARTICIPACOES S.A.","20.258.278/0001-70","OURO FINO SAUDE ANIMAL PARTICIPACOES S.A.","Saúde","Medicamentos e Outros Produtos","OUROFINO S/A","OFSA","NM             ","Medicamentos e Outros Produtos"
"ONCO","ONCOCLINICAS","ONCOCLINICAS DO BRASIL SERVICOS MEDICOS S.A.","ONCOCLINICAS DO BRASIL SERVICOS MEDICOS S.A.","ONCOCLÍNICAS DO BRASIL SERVIÇOS MÉDICOS S.A.","12.104.241/0004-02","ONCOCLINICAS DO BRASIL SERVICOS MEDICOS S.A.","Saúde","Serviços Médico - Hospitalares, Análises e Diagnósticos","ONCOCLINICAS","ONCO","NM             ","Serviços Médico - Hospitalares, Análises e Diagnósticos"
"OPCT","OCEANPACT","OCEANPACT SERVICOS MARITIMOS S.A.","OCEANPACT SERVICOS MARITIMOS S.A.","OCEANPACT SERVIÇOS MARITIMOS S.A.","09.114.805/0001-30","OCEANPACT SERVICOS MARITIMOS S.A.","Petróleo, Gás e Biocombustíveis","Petróleo, Gás e Biocombustíveis","OCEANPACT","OPCT","NM             ","Equipamentos e Serviços"
"OSXB","OSX BRASIL","OSX BRASIL S.A.","OSX BRASIL S.A.","OSX BRASIL S.A.","09.112.685/0001-32","OSX BRASIL S.A.","Petróleo, Gás e Biocombustíveis","Petróleo, Gás e Biocombustíveis","OSX BRASIL","OSXB","NM             ","Equipamentos e Serviços"
"PARD","IHPARDINI","INSTITUTO HERMES PARDINI S.A.","INSTITUTO HERMES PARDINI S.A.","INSTITUTO HERMES PARDINI S.A.","19.378.769/0001-76","INSTITUTO HERMES PARDINI S.A.","Saúde","Serviços Médico - Hospitalares, Análises e Diagnósticos","IHPARDINI","PARD","NM             ","Serviços Médico - Hospitalares, Análises e Diagnósticos"
"PATI","PANATLANTICA","PANATLANTICA SA","PANATLANTICA SA","PANATLANTICA S.A.","92.693.019/0001-89","PANATLANTICA S.A.","Materiais Básicos","Siderurgia e Metalurgia","PANATLANTICA","PATI",NA,"Artefatos de Ferro e Aço"
"PDTC","PADTEC","PADTEC HOLDING S.A.","PADTEC HOLDING S.A.","PADTEC HOLDING S.A.","02.365.069/0001-44","PADTEC HOLDING S.A.","Tecnologia da Informação","Programas e Serviços","PADTEC","PDTC","NM             ","Programas e Serviços"
"PETR","PETROBRAS","PETROLEO BRASILEIRO S.A. PETROBRAS","PETROLEO BRASILEIRO S.A. PETROBRAS","PETROLEO BRASILEIRO S.A. PETROBRAS","33.000.167/0001-01","PETROLEO BRASILEIRO S.A. PETROBRAS","Petróleo, Gás e Biocombustíveis","Petróleo, Gás e Biocombustíveis","PETROBRAS","PETR","N2","Exploração, Refino e Distribuição"
"PFRM","PROFARMA","PROFARMA DISTRIB PROD FARMACEUTICOS S.A.","PROFARMA DISTRIB PROD FARMACEUTICOS S.A.","PROFARMA DISTRIB PROD FARMACEUTICOS S.A.","45.453.214/0001-51","PROFARMA DISTRIB PROD FARMACEUTICOS S.A.","Saúde","Comércio e Distribuição","PROFARMA","PFRM","NM             ","Medicamentos e Outros Produtos"
"PINE","Pine","BANCO PINE S/A","BANCO PINE S/A","BCO PINE S.A.","62.144.175/0001-20","BCO PINE S.A.","Financeiro","Intermediários Financeiros","PINE","PINE","N2             ","Bancos"
"PLAS","PLASCAR PARTICIPAÇÕES INDUSTRIAIS S.A","PLASCAR PARTICIPACOES INDUSTRIAIS S.A","PLASCAR PARTICIPACOES INDUSTRIAIS S.A","PLASCAR PARTICIPACOES INDUSTRIAIS S.A.","51.928.174/0001-50","PLASCAR PARTICIPACOES INDUSTRIAIS S.A.","Consumo Cíclico","Automóveis e Motocicletas","PLASCAR PART","PLAS",NA,"Automóveis e Motocicletas"
"PLPL","PLANOEPLANO","PLANO & PLANO DESENVOLVIMENTO IMOBILIARIO S.A.","PLANO & PLANO DESENVOLVIMENTO IMOBILIARIO S.A.","PLANO & PLANO DESENVOLVIMENTO IMOBILIÁRIO S.A.","24.230.275/0001-80","PLANO & PLANO DESENVOLVIMENTO IMOBILIARIO S.A.","Consumo Cíclico","Construção Civil","PLANOEPLANO","PLPL","NM             ","Incorporações"
"PMAM","PARANAPANEMA S.A.","PARANAPANEMA SA","PARANAPANEMA SA","PARANAPANEMA S.A.","60.398.369/0004-79","PARANAPANEMA S.A.","Materiais Básicos","Siderurgia e Metalurgia","PARANAPANEMA","PMAM","NM             ","Artefatos de Cobre"
"PNVL","PANVEL FARMÁCIAS","DIMED SA DISTRIBUIDORA DE MEDICAMENTOS","DIMED SA DISTRIBUIDORA DE MEDICAMENTOS","DIMED S.A. DISTRIBUIDORA DE MEDICAMENTOS","92.665.611/0001-77","DIMED S.A. DISTRIBUIDORA DE MEDICAMENTOS","Saúde","Comércio e Distribuição","DIMED","PNVL","NM             ","Medicamentos e Outros Produtos"
"POMO","MARCOPOLO","MARCOPOLO SA","MARCOPOLO SA","MARCOPOLO S.A.","88.611.835/0001-29","MARCOPOLO S.A.","Bens Industriais","Material de Transporte","MARCOPOLO","POMO","N2             ","Material Rodoviário"
"PORT","WILSON SONS","WILSON SONS HOLDINGS BRASIL S.A.","WILSON SONS HOLDINGS BRASIL S.A.","WILSON SONS HOLDINGS BRASIL S.A.","33.130.691/0001-05","WILSON SONS HOLDINGS BRASIL S.A.","Bens Industriais","Transporte","WILSON SONS","PORT","NM             ","Serviços de Apoio e Armazenagem"
"PRBC","Parana","PARANA BANCO S.A.","PARANA BANCO S.A.","PARANA BCO S.A.","14.388.334/0001-99","PARANA BCO S.A.","Financeiro","Intermediários Financeiros","PARANA","PRBC",NA,"Bancos"
"PRIO","PETRORIO","PETRO RIO S.A.","PETRO RIO S.A.","PETRO RIO S.A.","10.629.105/0001-68","PETRO RIO S.A.","Petróleo, Gás e Biocombustíveis","Petróleo, Gás e Biocombustíveis","PETRORIO","PRIO","NM             ","Exploração, Refino e Distribuição"
"PRNR","PRINER","PRINER SERVICOS INDUSTRIAIS S.A.","PRINER SERVICOS INDUSTRIAIS S.A.","PRINER SERVIÇOS INDUSTRIAIS S.A.","18.593.815/0001-97","PRINER SERVICOS INDUSTRIAIS S.A.","Bens Industriais","Serviços Diversos","PRINER","PRNR","MA","Serviços Diversos"
"PSSA","PORTO SEGURO SA","PORTO SEGURO SA","PORTO SEGURO SA","PORTO SEGURO S.A.","02.149.205/0001-69","PORTO SEGURO S.A.","Financeiro","Previdência e Seguros","PORTO SEGURO","PSSA","NM             ","Seguradoras"
"PTBL","PORTOBELLO S/A","PBG S/A","PBG S/A","PBG S/A","83.475.913/0001-91","PBG S/A","Bens Industriais","Construção e Engenharia","PORTOBELLO","PTBL","NM             ","Produtos para Construção"
"RADL","RAIADROGASIL","RAIA DROGASIL S.A.","RAIA DROGASIL S.A.","RAIA DROGASIL S.A.","61.585.865/0001-51","RAIA DROGASIL S.A.","Saúde","Comércio e Distribuição","RAIADROGASIL","RADL","NM             ","Medicamentos e Outros Produtos"
"RAIL","RUMO S.A.","RUMO S.A.","RUMO S.A.","RUMO S.A.","02.387.241/0001-60","RUMO S.A.","Bens Industriais","Transporte","RUMO S.A.","RAIL","NM             ","Transporte Ferroviário"
"RAIZ","RAIZEN","RAIZEN S.A.","RAIZEN S.A.","RAÍZEN S.A.","33.453.598/0001-23","RAIZEN S.A.","Consumo não Cíclico","Agropecuária","RAIZEN","RAIZ","N2","Agricultura"
"RAPT","RANDON S.A. IMPLEMENTOS E PARTICIPAÇÕES","RANDON S.A. IMPLEMENTOS E PARTICIPACOES","RANDON S.A. IMPLEMENTOS E PARTICIPACOES","RANDON S.A. IMPLEMENTOS E PARTICIPACOES","89.086.144/0001-16","RANDON S.A. IMPLEMENTOS E PARTICIPACOES","Bens Industriais","Material de Transporte","RANDON PART","RAPT","N1             ","Material Rodoviário"
"RCSL","RECRUSUL","RECRUSUL SA","RECRUSUL SA","RECRUSUL S.A.","91.333.666/0001-17","RECRUSUL S.A.","Bens Industriais","Material de Transporte","RECRUSUL","RCSL",NA,"Material Rodoviário"
"RDNI","RNI","RNI NEGOCIOS IMOBILIARIOS S.A.","RNI NEGOCIOS IMOBILIARIOS S.A.","RNI NEGÓCIOS IMOBILIÁRIOS S.A.","67.010.660/0001-24","RNI NEGOCIOS IMOBILIARIOS S.A.","Consumo Cíclico","Construção Civil","RNI","RDNI","NM             ","Incorporações"
"RECV","PETRORECONCA","PETRORECONCAVO S.A.","PETRORECONCAVO S.A.","PETRORECÔNCAVO S.A.","03.342.704/0001-30","PETRORECONCAVO S.A.","Petróleo, Gás e Biocombustíveis","Petróleo, Gás e Biocombustíveis","PETRORECSA","RECV","NM             ","Exploração, Refino e Distribuição"
"RENT","LOCALIZA RENT A CAR","LOCALIZA RENT A CAR SA","LOCALIZA RENT A CAR SA","LOCALIZA RENT A CAR S.A.","16.670.085/0001-55","LOCALIZA RENT A CAR S.A.","Consumo Cíclico","Diversos","LOCALIZA","RENT","NM             ","Aluguel de carros"
"RLOG","COSAN LOG","COSAN LOGISTICA S.A.","COSAN LOGISTICA S.A.","COSAN LOGISTICA S.A.","17.346.997/0001-39","COSAN LOGISTICA S.A.","Bens Industriais","Transporte","COSAN LOG","RLOG","NM             ","Transporte Ferroviário"
"RPAD","ALFA HOLDINGS","ALFA HOLDINGS SA","ALFA HOLDINGS SA","ALFA HOLDINGS S.A.","17.167.396/0001-69","ALFA HOLDINGS S.A.","Financeiro","Intermediários Financeiros","ALFA HOLDING","RPAD",NA,"Bancos"
"RRRP","3R PETROLEUM","3R PETROLEUM OLEO E GAS S.A","3R PETROLEUM OLEO E GAS S.A","3R PETROLEUM ÓLEO E GÁS S.A.","12.091.809/0001-55","3R PETROLEUM OLEO E GAS S.A.","Petróleo, Gás e Biocombustíveis","Petróleo, Gás e Biocombustíveis","3R PETROLEUM","RRRP","NM             ","Exploração, Refino e Distribuição"
"RSID","ROSSI RESIDENCIAL","ROSSI RESIDENCIAL SA","ROSSI RESIDENCIAL SA","ROSSI RESIDENCIAL S.A.","61.065.751/0001-80","ROSSI RESIDENCIAL S.A.","Consumo Cíclico","Construção Civil","ROSSI RESID","RSID","NM             ","Incorporações"
"RSUL","METALURGICA RIOSULENSE S/A","METALURGICA RIOSULENSE SA","METALURGICA RIOSULENSE SA","METALURGICA RIOSULENSE S.A.","85.778.074/0001-06","METALURGICA RIOSULENSE S.A.","Bens Industriais","Material de Transporte","RIOSULENSE","RSUL",NA,"Material Rodoviário"
"SANB","SANTANDER","BANCO SANTANDER S.A.","BANCO SANTANDER S.A.","BANCO SANTANDER S.A.","05.707.616/0001-10","BANCO SANTANDER S.A.","Financeiro","Intermediários Financeiros","SANTANDER BR","SANB",NA,"Bancos"
"SEER","SER EDUCA","SER EDUCACIONAL S.A.","SER EDUCACIONAL S.A.","SER EDUCACIONAL S.A.","04.986.320/0001-13","SER EDUCACIONAL S.A.","Consumo Cíclico","Diversos","SER EDUCA","SEER","NM             ","Serviços Educacionais"
"SEQL","SEQUOIA LOG","SEQUOIA LOGISTICA E TRANSPORTES S.A","SEQUOIA LOGISTICA E TRANSPORTES S.A","SEQUOIA LOGÍSTICA E TRANSPORTES S.A.","01.599.101/0001-93","SEQUOIA LOGISTICA E TRANSPORTES S.A.","Bens Industriais","Serviços Diversos","SEQUOIA LOG","SEQL","NM             ","Serviços Diversos"
"SGPS","Springs","SPRINGS GLOBAL PARTICIPACOES S/A","SPRINGS GLOBAL PARTICIPACOES S/A","SPRINGS GLOBAL PARTICIPACOES S.A.","07.718.269/0001-57","SPRINGS GLOBAL PARTICIPACOES S.A.","Consumo Cíclico","Tecidos, Vestuário e Calçados","SPRINGS","SGPS","NM             ","Fios e Tecidos"
"SHUL","SCHULZ","SCHULZ SA","SCHULZ SA","SCHULZ S.A.","84.693.183/0001-68","SCHULZ S.A.","Bens Industriais","Máquinas e Equipamentos","SCHULZ","SHUL",NA,"Motores, Compressores e Outros"
"SIMH","SIMPAR","SIMPAR S.A.","SIMPAR S.A.","SIMPAR S.A.","07.415.333/0001-20","SIMPAR S.A.","Financeiro","Holdings Diversificadas","SIMPAR","SIMH","NM             ","Holdings Diversificadas"
"SLCE","SLC Agricola","SLC AGRICOLA SA","SLC AGRICOLA SA","SLC AGRICOLA S.A.","89.096.457/0001-55","SLC AGRICOLA S.A.","Consumo não Cíclico","Agropecuária","SLC AGRICOLA","SLCE","NM             ","Agricultura"
"SMFT","SMART FIT","SMARTFIT ESCOLA DE GINASTICA E DANCA S.A.","SMARTFIT ESCOLA DE GINASTICA E DANCA S.A.","SMARTFIT ESCOLA DE GINÁSTICA E DANÇA S.A.","07.594.978/0001-78","SMARTFIT ESCOLA DE GINASTICA E DANCA S.A.","Consumo Cíclico","Viagens e Lazer","SMART FIT","SMFT","NM             ","Atividades Esportivas"
"SMLS","SMILES","SMILES FIDELIDADE S.A.","SMILES FIDELIDADE S.A.","SMILES FIDELIDADE S.A.","05.730.375/0001-20","SMILES FIDELIDADE S.A.","Consumo Cíclico","Diversos","SMILES","SMLS","NM             ","Programas de Fidelização"
"SMTO","SAO MARTINHO","SAO MARTINHO S.A.","SAO MARTINHO S.A.","SAO MARTINHO S.A.","51.466.860/0001-56","SAO MARTINHO S.A.","Consumo não Cíclico","Alimentos Processados","SAO MARTINHO","SMTO","NM             ","Açucar e Alcool"
"SNSY","SANSUY S.A. INDÚSTRIA DE PLÁSTICOS","SANSUY SA INDUSTRIA DE PLASTICOS","SANSUY SA INDUSTRIA DE PLASTICOS","SANSUY S.A. INDUSTRIA DE PLASTICOS","14.807.945/0001-24","SANSUY S.A. INDUSTRIA DE PLASTICOS","Materiais Básicos","Materiais Diversos","SANSUY","SNSY",NA,"Materiais Diversos"
"SOMA","GRUPO SOMA","GRUPO DE MODA SOMA S.A.","GRUPO DE MODA SOMA S.A.","GRUPO DE MODA SOMA S.A.","10.285.590/0001-08","GRUPO DE MODA SOMA S.A.","Consumo Cíclico","Comércio","GRUPO SOMA","SOMA","NM             ","Tecidos, Vestuário e Calçados"
"STBP","SBPAR","SANTOS BRASIL PARTICIPACOES S.A.","SANTOS BRASIL PARTICIPACOES S.A.","SANTOS BRASIL PARTICIPACOES S.A.","02.762.121/0001-04","SANTOS BRASIL PARTICIPACOES S.A.","Bens Industriais","Transporte","SANTOS BRP","STBP","N2             ","Serviços de Apoio e Armazenagem"
"SULA","Sul America","SUL AMERICA S/A","SUL AMERICA S/A","SUL AMERICA S.A.","29.978.814/0001-87","SUL AMERICA S.A.","Financeiro","Previdência e Seguros","SUL AMERICA","SULA","N2             ","Seguradoras"
"TAEE","TAESA","TRANSMISSORA ALIANCA DE ENERGIA ELETRICA S.A.","TRANSMISSORA ALIANCA DE ENERGIA ELETRICA S.A.","TRANSMISSORA ALIANÇA DE ENERGIA ELÉTRICA S.A.","07.859.971/0001-30","TRANSMISSORA ALIANCA DE ENERGIA ELETRICA S.A.","Utilidade Pública","Energia Elétrica","TAESA","TAEE","N2             ","Energia Elétrica"
"TASA","TAURUS ARMAS","TAURUS ARMAS S.A.","TAURUS ARMAS S.A.","TAURUS ARMAS S.A.","92.781.335/0001-02","TAURUS ARMAS S.A.","Bens Industriais","Máquinas e Equipamentos","TAURUS ARMAS","TASA","N2             ","Armas e Munições"
"TCSA","TECNISA","TECNISA S.A.","TECNISA S.A.","TECNISA S.A.","08.065.557/0001-12","TECNISA S.A.","Consumo Cíclico","Construção Civil","TECNISA","TCSA","NM             ","Incorporações"
"TECN","TECHNOS","TECHNOS S.A.","TECHNOS S.A.","TECHNOS S.A.","09.295.063/0001-97","TECHNOS S.A.","Consumo Cíclico","Tecidos, Vestuário e Calçados","TECHNOS","TECN","NM             ","Acessórios"
"TELB","TELEBRAS","TELEC. BRASILEIRAS S.A. TELEBRAS","TELEC. BRASILEIRAS S.A. TELEBRAS","TELEC BRASILEIRAS S.A. TELEBRAS","00.336.701/0001-04","TELEC BRASILEIRAS S.A. TELEBRAS","Comunicações","Telecomunicações","TELEBRAS","TELB",NA,"Telecomunicações"
"TEND","Tenda","CONSTRUTORA TENDA S/A","CONSTRUTORA TENDA S/A","CONSTRUTORA TENDA S.A.","71.476.527/0001-35","CONSTRUTORA TENDA S.A.","Consumo Cíclico","Construção Civil","TENDA","TEND","NM             ","Incorporações"
"TFCO","TRACK FIELD","TRACK & FIELD CO S.A.","TRACK & FIELD CO S.A.","TRACK & FIELD CO S.A.","59.418.806/0001-47","TRACK & FIELD CO S.A.","Consumo Cíclico","Tecidos, Vestuário e Calçados","TRACK FIELD","TFCO","N2","Vestuário"
"TGMA","Tegma","TEGMA GESTAO LOGISTICA SA","TEGMA GESTAO LOGISTICA SA","TEGMA GESTAO LOGISTICA S.A.","02.351.144/0001-18","TEGMA GESTAO LOGISTICA S.A.","Bens Industriais","Transporte","TEGMA","TGMA","NM             ","Transporte Rodoviário"
"TIMS","TIM","TIM S.A.","TIM S.A.","TIM S.A.","02.421.421/0001-11","TIM S.A.","Comunicações","Telecomunicações","TIM","TIMS","NM             ","Telecomunicações"
"TOTS","TOTVS","TOTVS S.A.","TOTVS S.A.","TOTVS S.A.","53.113.791/0001-22","TOTVS S.A.","Tecnologia da Informação","Programas e Serviços","TOTVS","TOTS","NM             ","Programas e Serviços"
"TRAD","TC","TC TRADERS CLUB S.A.","TC TRADERS CLUB S.A.","TC TRADERS CLUB S.A.","26.345.998/0001-50","TC TRADERS CLUB S.A.","Tecnologia da Informação","Programas e Serviços","TC","TRAD","NM             ","Programas e Serviços"
"TRIS","Trisul","TRISUL S/A","TRISUL S/A","TRISUL S.A.","08.811.643/0001-27","TRISUL S.A.","Consumo Cíclico","Construção Civil","TRISUL","TRIS","NM             ","Incorporações"
"TUPY","TUPY","TUPY SA","TUPY SA","TUPY S.A.","84.683.374/0001-49","TUPY S.A.","Bens Industriais","Material de Transporte","TUPY","TUPY","NM             ","Material Rodoviário"
"TXRX","RENAUX","TEXTIL RENAUXVIEW S.A.","TEXTIL RENAUXVIEW S.A.","TEXTIL RENAUXVIEW S.A.","82.982.075/0001-80","TEXTIL RENAUXVIEW S.A.","Consumo Cíclico","Tecidos, Vestuário e Calçados","TEX RENAUX","TXRX",NA,"Fios e Tecidos"
"UCAS","UNICASA","UNICASA INDUSTRIA DE MOVEIS S.A.","UNICASA INDUSTRIA DE MOVEIS S.A.","UNICASA INDÚSTRIA DE MÓVEIS S.A.","90.441.460/0001-48","UNICASA INDUSTRIA DE MOVEIS S.A.","Consumo Cíclico","Utilidades Domésticas","UNICASA","UCAS","NM             ","Móveis"
"UGPA","ULTRAPAR PARTICIPAÇÕES SA","ULTRAPAR PARTICIPACOES SA","ULTRAPAR PARTICIPACOES SA","ULTRAPAR PARTICIPACOES S.A.","33.256.439/0001-39","ULTRAPAR PARTICIPACOES S.A.","Petróleo, Gás e Biocombustíveis","Petróleo, Gás e Biocombustíveis","ULTRAPAR","UGPA","NM             ","Exploração, Refino e Distribuição"
"VALE","VALE","VALE S.A.","VALE S.A.","VALE S.A.","33.592.510/0001-54","VALE S.A.","Materiais Básicos","Mineração","VALE","VALE","NM             ","Minerais Metálicos"
"VBBR","VIBRA","VIBRA ENERGIA S.A.","VIBRA ENERGIA S.A.","VIBRA ENERGIA S/A","34.274.233/0001-02","VIBRA ENERGIA S/A","Petróleo, Gás e Biocombustíveis","Petróleo, Gás e Biocombustíveis","VIBRA","VBBR","NM             ","Exploração, Refino e Distribuição"
"VIIA","VIA","VIA S.A","VIA S.A","VIA S.A.","33.041.260/0652-90","VIA S.A.","Consumo Cíclico","Comércio","VIA","VIIA","NM             ","Eletrodomésticos"
"VITT","VITTIA","VITTIA FERTILIZANTES E BIOLOGICOS S.A.","VITTIA FERTILIZANTES E BIOLOGICOS S.A.","VITTIA FERTILIZANTES E BIOLÓGICOS S.A.","45.365.558/0001-09","VITTIA FERTILIZANTES E BIOLOGICOS S.A.","Materiais Básicos","Químicos","VITTIA","VITT","NM             ","Fertilizantes e Defensivos"
"VIVT","TELEF BRASIL","TELEFONICA BRASIL S.A","TELEFONICA BRASIL S.A","TELEFÔNICA BRASIL S.A","02.558.157/0001-62","TELEFONICA BRASIL S.A","Comunicações","Telecomunicações","TELEF BRASIL","VIVT",NA,"Telecomunicações"
"VSPT","FERROVIA CENTRO-ATLÂNTICA S.A.","FERROVIA CENTRO ATLANTICA SA","FERROVIA CENTRO ATLANTICA SA","FERROVIA CENTRO-ATLANTICA S.A.","00.924.429/0001-75","FERROVIA CENTRO-ATLANTICA S.A.","Bens Industriais","Transporte","FER C ATLANT","VSPT",NA,"Transporte Ferroviário"
"VULC","VULCABRAS S/A.","VULCABRAS SA","VULCABRAS SA","VULCABRAS S.A.","50.926.955/0001-42","VULCABRAS S.A.","Consumo Cíclico","Tecidos, Vestuário e Calçados","VULCABRAS","VULC","NM             ","Calçados"
"VVEO","VIVEO","CM HOSPITALAR S.A.","CM HOSPITALAR S.A.","CM HOSPITALAR S.A","12.420.164/0001-57","CM HOSPITALAR S.A","Saúde","Medicamentos e Outros Produtos","VIVEO","VVEO","NM             ","Medicamentos e Outros Produtos"
"WEGE","WEG SA","WEG SA","WEG SA","WEG S.A.","84.429.695/0001-11","WEG S.A.","Bens Industriais","Máquinas e Equipamentos","WEG","WEGE","NM             ","Motores, Compressores e Outros"
"WHRL","WHIRLPOOL S.A.","WHIRLPOOL S.A.","WHIRLPOOL S.A.","WHIRLPOOL S.A.","59.105.999/0001-86","WHIRLPOOL S.A.","Consumo Cíclico","Utilidades Domésticas","WHIRLPOOL","WHRL",NA,"Eletrodomésticos"
